{
    "2340x1080": 0.7786969696969698,
    "1280x592": 0.42566282828282825,
    "1920x1080": 0.7786969696969698
}